{"nodes":[{"name":"蔡成功","image":"caichenggong.png","id":8},{"name":"欧阳青","image":"ouyangqing.png","id":12},{"name":"侯亮平","image":"houliangping.png","id":49},{"name":"李达康","image":"lidakang.png","id":13},{"name":"王大路","image":"wangdalu.png","id":196},{"name":"丁义诊","image":"dingyizhen.png","id":195},{"name":"沙瑞金","image":"sharuijin.png","id":14},{"name":"高玉良","image":"gaoyuliang.png","id":25},{"name":"祁同伟","image":"qitongwei.png","id":55},{"name":"高小凤","image":"gaoxiaofeng.png","id":1243},{"name":"吴慧芬","image":"wuhuifen.png","id":287},{"name":"陈海","image":"chenhai.png","id":54},{"name":"赵东来","image":"zhaodonglai.png","id":50},{"name":"陆亦可","image":"luyike.png","id":51},{"name":"钟小艾","image":"zhongxiaoai.png","id":1202},{"name":"林华华","image":"linhuahua.png","id":1203},{"name":"周正","image":"zhouzheng.png","id":53},{"name":"陈阳","image":"chenyang.png","id":1235},{"name":"季昌明","image":"jichangming.png","id":1234},{"name":"王馥真","image":"wangfuzhen.png","id":1222},{"name":"陈岩石","image":"chenyanshi.png","id":57},{"name":"高小琴","image":"gaoxiaoqin.png","id":58},{"name":"梁璐","image":"lianglu.png","id":1236},{"name":"郑西坡","image":"zhengxibo.png","id":1242}],"links":[{"source":8,"target":12,"type":"贿赂"},{"source":8,"target":49,"type":"发小"},{"source":12,"target":13,"type":"夫妻"},{"source":12,"target":196,"type":"朋友"},{"source":12,"target":195,"type":"合作"},{"source":8,"target":12,"type":"贿赂"},{"source":14,"target":13,"type":"下属"},{"source":13,"target":25,"type":"同事"},{"source":13,"target":195,"type":"下属"},{"source":13,"target":196,"type":"前同事"},{"source":12,"target":13,"type":"夫妻"},{"source":14,"target":55,"type":"下属"},{"source":14,"target":13,"type":"下属"},{"source":14,"target":25,"type":"下属"},{"source":25,"target":1243,"type":"情妇"},{"source":25,"target":287,"type":"夫妻"},{"source":25,"target":54,"type":"学生"},{"source":25,"target":49,"type":"学生"},{"source":25,"target":55,"type":"学生"},{"source":14,"target":25,"type":"下属"},{"source":13,"target":25,"type":"同事"},{"source":49,"target":50,"type":"联手办案"},{"source":49,"target":51,"type":"下属"},{"source":49,"target":54,"type":"同学"},{"source":49,"target":1202,"type":"夫妻"},{"source":25,"target":49,"type":"学生"},{"source":8,"target":49,"type":"发小"},{"source":50,"target":51,"type":"喜欢"},{"source":49,"target":50,"type":"联手办案"},{"source":51,"target":1203,"type":"下属"},{"source":51,"target":53,"type":"下属"},{"source":51,"target":54,"type":"喜欢"},{"source":50,"target":51,"type":"喜欢"},{"source":49,"target":51,"type":"下属"},{"source":53,"target":1203,"type":"情侣"},{"source":51,"target":53,"type":"下属"},{"source":54,"target":1235,"type":"姐姐"},{"source":54,"target":1234,"type":"上级"},{"source":54,"target":1222,"type":"母亲"},{"source":54,"target":57,"type":"父亲"},{"source":51,"target":54,"type":"喜欢"},{"source":49,"target":54,"type":"同学"},{"source":25,"target":54,"type":"学生"},{"source":55,"target":58,"type":"情妇"},{"source":55,"target":1236,"type":"夫妻"},{"source":55,"target":1235,"type":"初恋"},{"source":25,"target":55,"type":"学生"},{"source":14,"target":55,"type":"下属"},{"source":57,"target":1222,"type":"夫妻"},{"source":57,"target":1242,"type":"前下属"},{"source":54,"target":57,"type":"父亲"},{"source":58,"target":1243,"type":"姐妹"},{"source":55,"target":58,"type":"情妇"},{"source":13,"target":195,"type":"下属"},{"source":12,"target":195,"type":"合作"},{"source":13,"target":196,"type":"前同事"},{"source":12,"target":196,"type":"朋友"},{"source":25,"target":287,"type":"夫妻"},{"source":49,"target":1202,"type":"夫妻"},{"source":53,"target":1203,"type":"情侣"},{"source":51,"target":1203,"type":"下属"},{"source":57,"target":1222,"type":"夫妻"},{"source":54,"target":1222,"type":"母亲"},{"source":54,"target":1234,"type":"上级"},{"source":55,"target":1235,"type":"初恋"},{"source":54,"target":1235,"type":"姐姐"},{"source":55,"target":1236,"type":"夫妻"},{"source":57,"target":1242,"type":"前下属"},{"source":25,"target":1243,"type":"情妇"},{"source":58,"target":1243,"type":"姐妹"}]}